Model,Correlation_Original,Correlation_Confounder
bert-base-uncased,0.11823974398770228,0.05210572662687943
roberta-base,0.11482883683051176,0.05712826986066217
distilbert-base-uncased,0.11668687120667523,0.054156798873929324
