Model,Correlation_Original,Correlation_Confounder
bert-base-uncased,0.14133663379950417,0.05809011810880554
roberta-base,0.13466164977903444,0.05422869071216649
distilbert-base-uncased,0.1418656660372057,0.05730085071047971
